ticker,company,cik,revenue,shares_outstanding,revenue_per_share
MMM,3M,0000066740,24948000000.0,530279131.0,47.04692027565384
AOS,A. O. Smith,0000091142,3830200000.0,75732188.0,50.5755888104012
ABT,Abbott Laboratories,0000001800,44328000000.0,1737682887.0,25.509832853639654
ABBV,AbbVie,0001551152,61160000000.0,1768169012.0,34.58945360139588
ACN,Accenture,0001467373,69672977000.0,637016143.0,109.37395820438415
ADBE,Adobe Inc.,0000796343,23769000000.0,406000000.0,58.54433497536946
AMD,Advanced Micro Devices,0000002488,34639000000.0,1630000000.0,21.250920245398774
AES,AES Corporation,0000874761,12233000000.0,712201777.0,17.176312100103058
AFL,Aflac,0000004977,17164000000.0,518690000.0,33.091056314947274
A,Agilent Technologies,0001090872,6948000000.0,282695763.0,24.577658774461362
APD,Air Products,0000002969,12037300000.0,222588256.0,54.07877403918381
ABNB,Airbnb,0001559720,12241000000.0,613000000.0,19.96900489396411
AKAM,Akamai Technologies,0001086222,2502996000.0,144711094.0,17.29650388794656
ALB,Albemarle Corporation,0000915913,5142733000.0,117716000.0,43.687629549084235
ARE,Alexandria Real Estate Equities,0001035443,3026556000.0,170537867.0,17.747120057506056
ALGN,Align Technology,0001097149,4034964000.0,71364000.0,56.540608710274086
ALLE,Allegion,0001579241,4067300000.0,86066997.0,47.25737090606287
LNT,Alliant Energy,0000352541,4362000000.0,257137261.0,16.96370251062136
ALL,Allstate,0000899051,67685000000.0,260000000.0,260.3269230769231
GOOGL,Alphabet Inc. (Class A),0001652044,350018000000.0,12088000000.0,28.955823957643943
GOOG,Alphabet Inc. (Class C),0001652044,350018000000.0,12088000000.0,28.955823957643943
MO,Altria,0000764180,23279000000.0,1674318297.0,13.903569017737372
AMZN,Amazon,0001018724,716924000000.0,10731000000.0,66.80868511788277
AMCR,Amcor,0001748790,15009000000.0,13001.0,1154449.657718637
AEE,Ameren,0001002910,8799000000.0,276400000.0,31.834298118668595
AEP,American Electric Power,0000004904,21702000000.0,540861473.0,40.12487685548273
AXP,American Express,0000004962,41304000000.0,686000000.0,60.20991253644315
AIG,American International Group,0000005272,26775000000.0,538200000.0,49.74916387959866
AMT,American Tower,0001053507,935900000.0,466318000.0,2.0069995153521845
AWK,American Water Works,0001410636,5121000000.0,181620003.0,28.196233429199978
AMP,Ameriprise Financial,0000820027,18911000000.0,120607501.0,156.79787611219967
AME,Ametek,0001037868,7401116000.0,229000000.0,32.31928384279476
AMGN,Amgen,0000318154,36751000000.0,538800000.0,68.20898292501856
APH,Amphenol,0000820313,23094700000.0,1226600000.0,18.828224360019565
ADI,Analog Devices,0000006281,11019707000.0,488204157.0,22.571923737224548
AON,Aon plc,0000315293,17181000000.0,269800000.0,63.68050407709414
APA,APA Corporation,0001841666,,352964646.0,
APO,Apollo Global Management,0001858681,32049000000.0,578981398.0,55.354110012356564
AAPL,Apple Inc.,0000320193,416161000000.0,14702703000.0,28.30506744236077
AMAT,Applied Materials,0000006951,28368000000.0,793000000.0,35.77301387137453
APP,AppLovin,0001751008,5480717000.0,338313000.0,16.20013715109972
APTV,Aptiv,0001521332,20398000000.0,212746899.0,95.87918834953265
ACGL,Arch Capital Group,0000947484,19929000000.0,359000000.0,55.5125348189415
ADM,Archer Daniels Midland,0000007084,24956000000.0,481201844.0,51.861812898622226
ARES,Ares Management,0001176948,5601482000.0,313170171.0,17.886384204835394
ANET,Arista Networks,0001596532,9005700000.0,1256500000.0,7.167290091524075
AJG,Arthur J. Gallagher & Co.,0000354190,13942000000.0,257000000.0,54.249027237354085
AIZ,Assurant,0001267238,12814300000.0,49792919.0,257.3518535838399
T,AT&T,0000732717,125648000000.0,7000577201.0,17.948234323028643
ATO,Atmos Energy,0000731802,4702755000.0,165434477.0,28.42669246024213
ADSK,Autodesk,0000769397,7206000000.0,212000000.0,33.990566037735846
ADP,Automatic Data Processing,0000008670,20560900000.0,403000000.0,51.019602977667496
AZO,AutoZone,0000866787,18938717000.0,24611000.0,769.5224493112836
AVB,AvalonBay Communities,0000915912,7042000.0,140080657.0,0.05027103777789963
AVY,Avery Dennison,0000008818,8855500000.0,76877487.0,115.18976940544376
AXON,Axon Enterprise,0001069183,2779536000.0,80211537.0,34.65257123797541
BKR,Baker Hughes,0001701605,27733000000.0,100.0,277330000.0
BALL,Ball Corporation,0000009389,10983000000.0,266077175.0,41.277497778605024
BAC,Bank of America,0000070858,113097000000.0,7212464345.0,15.680770758805048
BAX,Baxter International,0000010456,11244000000.0,514490045.0,21.854650268305967
BDX,Becton Dickinson,0000010795,21840000000.0,284741809.0,76.70106499885304
BRK.B,Berkshire Hathaway,0001067983,247244000000.0,941481.0,262611.778676362
BBY,Best Buy,0000764478,41691000000.0,209100000.0,199.38307030129124
TECH,Bio-Techne,0000842023,1219635000.0,155881291.0,7.824126886401012
BIIB,Biogen,0000875045,9890600000.0,146800000.0,67.37465940054496
BLK,BlackRock,0002012383,24216000000.0,155069171.0,156.16256825155787
BX,Blackstone Inc.,0001393818,14450265000.0,748688068.0,19.300781750938764
XYZ,"Block, Inc.",0001512673,3205500000.0,612243000.0,5.2356662305653145
BK,BNY Mellon,0001390777,20080000000.0,688236337.0,29.176024165663893
BA,Boeing,0000012927,76559000000.0,1012261159.0,75.63166809208768
BKNG,Booking Holdings,0001075531,26917000000.0,31673346.0,849.8312745360089
BSX,Boston Scientific,0000885725,20074000000.0,1399310972.0,14.34563181571337
BMY,Bristol Myers Squibb,0000014272,48194000000.0,2036473705.0,23.665417275790457
AVGO,Broadcom,0001730168,63887000000.0,4736000000.0,13.489653716216216
BR,Broadridge Financial Solutions,0001383312,6889100000.0,116700000.0,59.03256212510711
BRO,Brown & Brown,0000079282,5902000000.0,336000000.0,17.56547619047619
BF.B,Brown–Forman,0000014693,3975000000.0,472669000.0,8.409690502233063
BLDR,Builders FirstSource,0001316835,15190638000.0,110585000.0,137.36617081882716
BG,Bunge Global,0001996862,16944000000.0,193509080.0,87.56178263056184
BXP,"BXP, Inc.",0001037540,3482279000.0,158548298.0,21.96352180330564
CHRW,C.H. Robinson,0001043277,16232763000.0,118429000.0,137.06746658335373
CDNS,Cadence Design Systems,0000813672,5296759000.0,271799000.0,19.48777957240461
CPT,Camden Property Trust,0000906345,12967000.0,104300000.0,0.12432406519654841
CPB,Campbell's Company (The),0000016732,10253000000.0,298146488.0,34.38913558492093
COF,Capital One,0000927628,8062000000.0,625102271.0,12.897089602798772
CAH,Cardinal Health,0000721371,222578000000.0,235316016.0,945.8684699132422
CCL,Carnival,0000815097,26622000000.0,1239000212.0,21.48667913222278
CARR,Carrier Global,0001783180,21747000000.0,836141122.0,26.00876745301375
CVNA,Carvana,0001690820,20322000000.0,137634000.0,147.6524695932691
CASY,Casey's,0000726958,15940899000.0,37008488.0,430.7362948737598
CAT,Caterpillar Inc.,0000018230,67589000000.0,465300000.0,145.25897270578122
CBOE,Cboe Global Markets,0001374310,2229100000.0,104647739.0,21.300985776673112
CBRE,CBRE Group,0001138118,39900000000.0,295731478.0,134.9196922486554
CDW,CDW Corporation,0001402057,22424100000.0,129400000.0,173.29289026275117
COR,Cencora,0001140859,321332819000.0,194521885.0,1651.9108839604346
CNC,Centene Corporation,0001071739,174581000000.0,491757000.0,355.01477355685836
CNP,CenterPoint Energy,0001130310,9337000000.0,652869575.0,14.301478208721857
CF,CF Industries,0001324404,7084000000.0,153552162.0,46.1341599345244
CRL,Charles River Laboratories,0001100682,4015382000.0,49217000.0,81.58526525387569
SCHW,Charles Schwab Corporation,0000316709,23921000000.0,1752210425.0,13.65189914333491
CHTR,Charter Communications,0001091667,54774000000.0,270927828.0,202.17192307022813
CVX,Chevron Corporation,0000093410,184432000000.0,1995385539.0,92.4292555976071
CMG,Chipotle Mexican Grill,0001058090,11925601000.0,1302423000.0,9.156472973834154
CB,Chubb Limited,0000896159,59402000000.0,391101227.0,151.8839520286138
CHD,Church & Dwight,0000313927,6203200000.0,236694241.0,26.207650738743578
CIEN,Ciena,0000936395,4769507000.0,141452656.0,33.71804485594106
CI,Cigna,0001739940,274900000000.0,263464000.0,1043.4063097804633
CINF,Cincinnati Financial,0000020286,12631000000.0,198300000.0,63.696419566313665
CTAS,Cintas,0000723254,10340181000.0,400015000.0,25.849483144382084
CSCO,Cisco,0000858877,56654000000.0,3949000000.0,14.346416814383389
C,Citigroup,0000831001,85225000000.0,29049601000.0,2.933775234985155
CFG,Citizens Financial Group,0000759944,1635000000.0,429242174.0,3.8090385778355507
CLX,Clorox,0000021076,7104000000.0,120890241.0,58.76404862159221
CME,CME Group,0001156375,6520600000.0,66643583.0,97.84287858592477
CMS,CMS Energy,0000811156,8305000000.0,306400000.0,27.10509138381201
KO,Coca-Cola Company (The),0000021344,47941000000.0,4300723069.0,11.147195304334533
CTSH,Cognizant,0001058290,21108000000.0,479000000.0,44.06680584551148
COHR,Coherent Corp.,0000820318,5810115000.0,187481852.0,30.99027952849538
COIN,Coinbase,0001679788,7181325000.0,267836000.0,26.81239639182186
CL,Colgate-Palmolive,0000021665,20382000000.0,801239524.0,25.438086102202817
CMCSA,Comcast,0001166691,123707000000.0,2063073161.0,59.96248816500405
FIX,Comfort Systems USA,0001035983,2856659000.0,35177000.0,81.20814736901953
CAG,Conagra Brands,0000023217,11612800000.0,478437156.0,24.27236232463517
COP,ConocoPhillips,0001163165,51824000000.0,1222339152.0,42.397398394058804
ED,Consolidated Edison,0001047862,17049000000.0,361121447.0,47.21126408202502
STZ,Constellation Brands,0000016918,10208700000.0,,
CEG,Constellation Energy,0001868275,22663000000.0,312000000.0,72.63782051282051
COO,Cooper Companies (The),0000711404,4092400000.0,195100000.0,20.975909789851357
CPRT,Copart,0000900075,525659000.0,963290932.0,0.5456908007102469
GLW,Corning Inc.,0000024741,15629000000.0,857948109.0,18.216719444975197
CPAY,Corpay,0001175454,4528403000.0,68362289.0,66.24124303386039
CTVA,Corteva,0001755672,17401000000.0,672163000.0,25.888065841172455
CSGP,CoStar Group,0001057352,3247000000.0,417900000.0,7.76980138789184
COST,Costco,0000909832,275235000000.0,443692000.0,620.3289669410311
CTRA,Coterra,0000858470,7294000000.0,759272715.0,9.606561457960463
CRH,CRH plc,0000849395,37447000000.0,706946142.0,52.97008891520339
CRWD,CrowdStrike,0001535527,4812005000.0,48127000.0,99.98555904170216
CCI,Crown Castle,0001051470,215000000.0,435000000.0,0.4942528735632184
CSX,CSX Corporation,0000277948,14092000000.0,1860000000.0,7.576344086021505
CMI,Cummins,0000026172,33670000000.0,138165463.0,243.6933171931686
CVS,CVS Health,0000064803,193919000000.0,1271000000.0,152.57199055861525
DHR,Danaher Corporation,0000313616,24568000000.0,706900000.0,34.75456217286745
DRI,Darden Restaurants,0000940944,12076700000.0,117000000.0,103.21965811965812
DDOG,Datadog,0001561550,3427158000.0,78180606.0,43.83642152888915
DVA,DaVita,0000927066,13643069000.0,68549000.0,199.0265211746342
DECK,Deckers Brands,0000910521,4985612000.0,142331000.0,35.02829320386985
DE,Deere & Company,0000315189,45684000000.0,270400000.0,168.94970414201183
DELL,Dell Technologies,0001571996,113538000000.0,652000000.0,174.13803680981596
DAL,Delta Air Lines,0000027904,63364000000.0,656994112.0,96.44530878231068
DVN,Devon Energy,0001090012,16786000000.0,620000000.0,27.074193548387097
DXCM,Dexcom,0001093557,4662000000.0,384800000.0,12.115384615384615
FANG,Diamondback Energy,0001539838,9566000000.0,284594908.0,33.61268853060435
DLR,Digital Realty,0001297996,6112692000.0,343557000.0,17.792366332224347
DG,Dollar General,0000029534,42724369000.0,220222000.0,194.00590767498252
DLTR,Dollar Tree,0000935703,19395700000.0,198505205.0,97.70877292613058
D,Dominion Energy,0000715957,16523000000.0,879000000.0,18.79749715585893
DPZ,Domino's,0001286681,4939994000.0,33627992.0,146.90124822201693
DASH,DoorDash,0001792789,13717000000.0,427043000.0,32.120887123779106
DOV,Dover Corporation,0000029905,8092571000.0,134866626.0,60.00425190439628
DOW,Dow Inc.,0001751788,39968000000.0,717534072.0,55.70188449531913
DHI,D. R. Horton,0000882184,34250400000.0,290498069.0,117.90233276903469
DTE,DTE Energy,0000936340,12607000000.0,207745154.0,60.68492938227575
DUK,Duke Energy,0001326160,19624000000.0,778000000.0,25.223650385604113
DD,DuPont,0001666700,6849000000.0,734204000.0,9.328470016507673
ETN,Eaton Corporation,0001551182,27448000000.0,387900000.0,70.76050528486724
EBAY,eBay Inc.,0001065088,11100000000.0,449000000.0,24.72160356347439
SATS,EchoStar,0001415404,15004989000.0,47687039.0,314.6554979016416
ECL,Ecolab,0000031462,16081200000.0,282000000.0,57.02553191489362
EIX,Edison International,0000827052,19317000000.0,384787056.0,50.201792650738234
EW,Edwards Lifesciences,0001099800,6067600000.0,580700000.0,10.448768727397969
EA,Electronic Arts,0000712515,7463000000.0,250000000.0,29.852
ELV,Elevance Health,0001156039,199125000000.0,220723898.0,902.145176867074
EME,Emcor,0000105634,16986422000.0,44520367.0,381.54272178394217
EMR,Emerson Electric,0000032604,18016000000.0,562000000.0,32.05693950177936
ETR,Entergy,0000065984,12147412000.0,452989837.0,26.81608064421101
EOG,EOG Resources,0000821189,22632000000.0,271632000.0,83.31860752783177
EPAM,EPAM Systems,0001352010,5457056000.0,54274000.0,100.5464126469396
EQT,EQT Corporation,0000033213,5044768000.0,624274000.0,8.081015707846234
EFX,Equifax,0000033185,6074500000.0,120400000.0,50.45265780730897
EQIX,Equinix,0001101239,9217000000.0,98226000.0,93.83462627003034
EQR,Equity Residential,0000906107,2701075000.0,377806173.0,7.149367038002315
ERIE,Erie Indemnity,0000922621,4067258000.0,,
ESS,Essex Property Trust,0000920522,9381000.0,64442290.0,0.1455721080054728
EL,Estée Lauder Companies (The),0001001250,14326000000.0,360100000.0,39.78339350180505
EG,Everest Group,0001095073,17496000000.0,74400000.0,235.16129032258064
EVRG,Evergy,0001711269,5705100000.0,215800074.0,26.43696961846269
ES,Eversource Energy,0000072741,13547244000.0,375416880.0,36.085868062192624
EXC,Exelon,0001109357,24258000000.0,1023000000.0,23.712609970674485
EXE,Expand Energy,0000895126,12124000000.0,1957000000.0,6.195196729688298
EXPE,Expedia Group,0001324424,14733000000.0,116975000.0,125.94998931395597
EXPD,Expeditors International,0000746515,11069009000.0,133884000.0,82.6761151444534
EXR,Extra Space Storage,0001289490,129476000.0,211155322.0,0.6131789564839858
XOM,ExxonMobil,0000034088,276692000000.0,4179000000.0,66.21009810959559
FFIV,"F5, Inc.",0001048695,3088072000.0,56887000.0,54.28431803399722
FDS,FactSet,0001013237,2321748000.0,36640727.0,63.36522744213018
FICO,Fair Isaac,0000814547,1990869000.0,23763000.0,83.78020451963135
FAST,Fastenal,0000815556,8200500000.0,1148057473.0,7.142935081961703
FRT,Federal Realty Investment Trust,0000034903,1278975000.0,86266009.0,14.825943785112395
FDX,FedEx,0001048911,87926000000.0,238606756.0,368.49752904733344
FIS,Fidelity National Information Services,0001136893,10677000000.0,514403688.0,20.756072028783745
FITB,Fifth Third Bancorp,0000035527,577000000.0,661197787.0,0.8726586981150921
FSLR,First Solar,0001274494,5219376000.0,107309794.0,48.6383936213688
FE,FirstEnergy,0001031296,11112000000.0,577851052.0,19.229868945535813
FISV,Fiserv,0000798354,16226000000.0,534777512.0,30.341589980694625
F,Ford Motor Company,0000037996,187267000000.0,3727332952.0,50.24155405798049
FTNT,Fortinet,0001262039,6799600000.0,743000000.0,9.151547779273217
FTV,Fortive,0001659166,4159100000.0,313400000.0,13.270899808551372
FOXA,Fox Corporation (Class A),0001754301,16300000000.0,1.0,16300000000.0
FOX,Fox Corporation (Class B),0001754301,16300000000.0,1.0,16300000000.0
BEN,Franklin Resources,0000038777,8770700000.0,519974911.0,16.867544595819933
FCX,Freeport-McMoRan,0000831259,25186000000.0,945000000.0,26.651851851851852
GRMN,Garmin,0001121788,7245519000.0,192620000.0,37.615611047658604
IT,Gartner,0000749251,6497226000.0,70450294.0,92.22425672205144
GE,GE Aerospace,0000040545,9879000000.0,1048766702.0,9.419635445290863
GEHC,GE HealthCare,0001932393,20625000000.0,456654068.0,45.16547961639969
GEV,GE Vernova,0001996810,38068000000.0,269529464.0,141.23873299432674
GEN,Gen Digital,0000849399,3935000000.0,606000000.0,6.493399339933993
GNRC,Generac,0001474735,4209147000.0,68295960.0,61.63098080764953
GD,General Dynamics,0000040533,52550000000.0,270389759.0,194.34907666011122
GIS,General Mills,0000040704,19486600000.0,533681218.0,36.51355779959264
GM,General Motors,0001467858,167971000000.0,904000000.0,185.80862831858408
GPC,Genuine Parts Company,0000040987,24300141000.0,137617832.0,176.57697877408793
GILD,Gilead Sciences,0000882095,29443000000.0,1241000000.0,23.72522159548751
GPN,Global Payments,0001123360,7705878000.0,236692592.0,32.556481531116106
GL,Globe Life,0000320335,5994318000.0,92218183.0,65.00147590199212
GDDY,GoDaddy,0001609711,4951100000.0,134737000.0,36.74640225030986
GS,Goldman Sachs,0000886982,58283000000.0,296476742.0,196.58540365368694
HAL,Halliburton,0000045012,17973000000.0,835000000.0,21.524550898203593
HIG,Hartford (The),0000874766,1506000000.0,326729000.0,4.609324547254759
HAS,Hasbro,0000046080,4701300000.0,140685758.0,33.41702860924984
HCA,HCA Healthcare,0000860730,75600000000.0,224605100.0,336.59075417254553
DOC,Healthpeak Properties,0000765880,603989000.0,695036731.0,0.869002993742499
HSIC,Henry Schein,0001000228,13184000000.0,115771149.0,113.87984065010878
HSY,Hershey Company (The),0000047111,11692576000.0,202839656.0,57.644428267024864
HPE,Hewlett Packard Enterprise,0001645590,34296000000.0,1328922107.0,25.807381651150454
HLT,Hilton Worldwide,0001585689,12039000000.0,230433192.0,52.24507761017345
HD,Home Depot (The),0000354950,164683000000.0,996000000.0,165.34437751004015
HON,Honeywell,0000773840,37442000000.0,635300000.0,58.935935778372425
HRL,Hormel Foods,0000048465,9167519000.0,550164000.0,16.663247686144494
HST,Host Hotels & Resorts,0001070750,6114000000.0,687800000.0,8.88921198022681
HWM,Howmet Aerospace,0000004281,8252000000.0,401620565.0,20.546756613421923
HPQ,HP Inc.,0000047217,55295000000.0,917000000.0,60.29989094874591
HUBB,Hubbell Incorporated,0000048898,5844600000.0,53253805.0,109.74990425566774
HUM,Humana,0000049071,129664000000.0,120595967.0,1075.19350128848
HBAN,Huntington Bancshares,0000049196,1562000000.0,1567732506.0,0.9963434412579565
HII,Huntington Ingalls Industries,0001501585,12484000000.0,39241527.0,318.1323703330913
IBM,IBM,0000051143,67535000000.0,936952129.0,72.07945626003269
IEX,IDEX Corporation,0000832101,3457500000.0,74347824.0,46.50438727029859
IDXX,Idexx Laboratories,0000874716,4303702000.0,79712000.0,53.99064130871136
ITW,Illinois Tool Works,0000049826,16044000000.0,288600000.0,55.59251559251559
INCY,Incyte,0000879169,5141242000.0,198460009.0,25.905682590188736
IR,Ingersoll Rand,0001699150,7650900000.0,391121689.0,19.561431173917843
PODD,Insulet Corporation,0001145197,1055400000.0,70390816.0,14.99343323424465
INTC,Intel,0000050863,52853000000.0,4994000000.0,10.583299959951942
IBKR,Interactive Brokers,0001381197,2440000000.0,63985335.0,38.133737988556284
ICE,Intercontinental Exchange,0001571949,12640000000.0,567000000.0,22.292768959435627
IFF,International Flavors & Fragrances,0000051253,10890000000.0,255700000.0,42.58897145091905
IP,International Paper,0000051434,23634000000.0,627000000.0,37.69377990430622
INTU,Intuit,0000896878,18831000000.0,279129000.0,67.46343088679428
ISRG,Intuitive Surgical,0001035267,10064700000.0,355100000.0,28.34328358208955
IVZ,Invesco,0000914208,6377100000.0,444000000.0,14.362837837837837
INVH,Invitation Homes,0001687229,2729296000.0,610788732.0,4.468477981024706
IQV,IQVIA,0001478242,16310000000.0,169600000.0,96.16745283018868
IRM,Iron Mountain,0001020569,6901737000.0,295788645.0,23.333339925878494
JBHT,J.B. Hunt,0000728535,7189568000.0,94594725.0,76.00389979462385
JBL,Jabil,0000898293,29802000000.0,105818234.0,281.6338817372439
JKHY,Jack Henry & Associates,0000779152,2375288000.0,72167368.0,32.91360161562218
J,Jacobs Solutions,0000052988,14984646000.0,117586748.0,127.43481944070773
JNJ,Johnson & Johnson,0000200406,94193000000.0,2409898936.0,39.08587144170597
JCI,Johnson Controls,0000833444,23596000000.0,935500000.0,25.222875467664352
JPM,JPMorgan Chase,0000019617,182447000000.0,2696200000.0,67.66819968845041
KVUE,Kenvue,0001944048,15124000000.0,1916115445.0,7.893052602579486
KDP,Keurig Dr Pepper,0001418135,16603000000.0,1358663795.0,12.220094523089871
KEY,KeyCorp,0000091576,1749000000.0,1089647432.0,1.6051063386528497
KEYS,Keysight Technologies,0001601046,5375000000.0,171000000.0,31.432748538011698
KMB,Kimberly-Clark,0000055785,16447000000.0,331900000.0,49.554082554986444
KIM,Kimco Realty,0000879101,2140116000.0,674093047.0,3.1748080024329344
KMI,Kinder Morgan,0001506307,15202000000.0,2224777750.0,6.833042087012961
KKR,KKR & Co.,0001404912,2006791000.0,891451844.0,2.251149081699583
KLAC,KLA Corporation,0000319201,12156162000.0,132023000.0,92.07609280201177
KHC,Kraft Heinz,0001637459,24942000000.0,1184000000.0,21.06587837837838
KR,Kroger,0000056873,147642000000.0,612575611.0,241.0184103787312
LHX,L3Harris,0000202058,21865000000.0,186844093.0,117.02269870527832
LH,Labcorp,0000920148,13951700000.0,82200000.0,169.7287104622871
LRCX,Lam Research,0000707549,18435591000.0,1251180000.0,14.734563372176666
LVS,Las Vegas Sands,0001300514,13017000000.0,675000000.0,19.284444444444443
LDOS,Leidos,0001336920,17107000000.0,126380657.0,135.36090416114865
LEN,Lennar,0000920760,34186934000.0,257746000.0,132.6380777975216
LII,Lennox International,0001069202,5195300000.0,34802911.0,149.27774288765673
LLY,Lilly (Eli),0000059478,65179000000.0,943357420.0,69.09258210954656
LIN,Linde plc,0001707925,33986000000.0,508680879.0,66.81202577697047
LYV,Live Nation Entertainment,0001335258,25201406000.0,235421446.0,107.04804693111943
LMT,Lockheed Martin,0000936468,59812000000.0,229000000.0,261.1877729257642
L,Loews Corporation,0000060086,3174000000.0,336621358.0,9.42899172785109
LOW,Lowe's,0000060667,86286000000.0,561000000.0,153.80748663101605
LULU,Lululemon Athletica,0001397187,11102600000.0,111380000.0,99.68216915065541
LITE,Lumentum,0001633978,1645000000.0,71400000.0,23.03921568627451
LYB,LyondellBasell,0001489393,30153000000.0,322084769.0,93.61821142185087
MTB,M&T Bank,0000036270,1657000000.0,149000252.0,11.12078656081736
MPC,Marathon Petroleum,0001510295,132699000000.0,357000000.0,371.70588235294116
MAR,Marriott International,0001048286,26186000000.0,265864771.0,98.49368121058806
MRSH,Marsh McLennan,0000062709,26981000000.0,485000000.0,55.630927835051544
MLM,Martin Marietta Materials,0000916076,6150000000.0,60309739.0,101.9735800879523
MAS,Masco,0000062996,7562000000.0,204300000.0,37.01419481155164
MA,Mastercard,0001141391,29845000000.0,122530193.0,243.57261887280305
MKC,McCormick & Company,0000063754,6840300000.0,268500000.0,25.475977653631286
MCD,McDonald's,0000063908,26885000000.0,710398642.0,37.84494847049553
MCK,McKesson Corporation,0000927653,359051000000.0,122487456.0,2931.3287394914955
MDT,Medtronic,0001613103,33537000000.0,1283366516.0,26.132051586111352
MRK,Merck & Co.,0000310158,65011000000.0,2472392003.0,26.29477846600202
META,Meta Platforms,0001326801,200966000000.0,2521000000.0,79.71677905593019
MET,MetLife,0001099219,2436000000.0,655333773.0,3.7171897746829536
MTD,Mettler Toledo,0001037646,4026399000.0,20359353.0,197.76654985057726
MGM,MGM Resorts,0000789570,17537683000.0,258323143.0,67.89048319995085
MCHP,Microchip Technology,0000827054,4401600000.0,541132605.0,8.134050617777874
MU,Micron Technology,0000723125,37378000000.0,1128000000.0,33.13652482269504
MSFT,Microsoft,0000789019,281724000000.0,7429000000.0,37.922196796338675
MAA,Mid-America Apartment Communities,0000912595,2209126000.0,116878077.0,18.90111521940937
MRNA,Moderna,0001682852,1944000000.0,394000000.0,4.934010152284264
TAP,Molson Coors Beverage Company,0000024545,13040300000.0,199100000.0,65.49623304871923
MDLZ,Mondelez International,0001103982,38537000000.0,1743809975.0,22.09931159500335
MPWR,Monolithic Power Systems,0001280452,2790459000.0,48709000.0,57.28836559978649
MNST,Monster Beverage,0000865752,8294343000.0,978113000.0,8.47994352390777
MCO,Moody's Corporation,0001059556,7718000000.0,177300000.0,43.530738860688096
MS,Morgan Stanley,0000895421,34275000000.0,1582834137.0,21.654195596869414
MOS,Mosaic Company (The),0001285785,12052400000.0,317408647.0,37.97124027311077
MSI,Motorola Solutions,0000068505,11682000000.0,165700000.0,70.50090525045262
MSCI,MSCI Inc.,0001408198,3134459000.0,73563183.0,42.609072530208486
NDAQ,"Nasdaq, Inc.",0001120193,8262000000.0,569894024.0,14.497432245402875
NTAP,NetApp,0001002047,6572000000.0,198000000.0,33.19191919191919
NFLX,Netflix,0001065280,45183036000.0,4222162150.0,10.701397623963826
NEM,Newmont,0001164727,22669000000.0,1089000000.0,20.816345270890725
NWSA,News Corp (Class A),0001564708,8452000000.0,579000000.0,14.597582037996546
NWS,News Corp (Class B),0001564708,8452000000.0,579000000.0,14.597582037996546
NEE,NextEra Energy,0000753308,14256000000.0,2083000000.0,6.8439750360057605
NKE,"Nike, Inc.",0000320187,46309000000.0,855351589.0,54.140309780847325
NI,NiSource,0001111711,6522800000.0,478432058.0,13.633701778403822
NDSN,Nordson Corporation,0000072331,2791687000.0,55920000.0,49.922871959942775
NSC,Norfolk Southern,0000702165,12180000000.0,224420699.0,54.27306863525989
NTRS,Northern Trust,0000073124,5017800000.0,186337588.0,26.928544336422345
NOC,Northrop Grumman,0001133421,41954000000.0,141997194.0,295.4565426130885
NCLH,Norwegian Cruise Line Holdings,0001513761,5396175000.0,455257489.0,11.853017534874644
NRG,NRG Energy,0001013871,30347000000.0,190376607.0,159.40508909269508
NUE,Nucor,0000073309,32494000000.0,227774615.0,142.65856623223794
NVDA,Nvidia,0001045810,26914000000.0,24304000000.0,1.1073897300855826
NVR,"NVR, Inc.",0000906163,10323959000.0,2799387.0,3687.935608760061
NXPI,NXP Semiconductors,0001413447,12269000000.0,4305030000.0,2.8499220679066117
ORLY,O’Reilly Automotive,0000898173,17781992000.0,841909238.0,21.12103205120075
OXY,Occidental Petroleum,0000797468,21569000000.0,986026416.0,21.874667503836935
ODFL,Old Dominion,0000878927,5496389000.0,208556788.0,26.35439993446773
OMC,Omnicom Group,0000029989,17271900000.0,313100000.0,55.16416480357713
ON,ON Semiconductor,0001097864,5995400000.0,396740551.0,15.111639041908777
OKE,Oneok,0001039684,33629000000.0,629707691.0,53.40414366957446
ORCL,Oracle Corporation,0001341439,57399000000.0,2875000000.0,19.96486956521739
OTIS,Otis Worldwide,0001781335,14431000000.0,438600000.0,32.90241678066575
PCAR,Paccar,0000075362,28444800000.0,525894443.0,54.08842093431286
PKG,Packaging Corporation of America,0000075677,8989300000.0,89213394000.0,0.10076177574860565
PLTR,Palantir Technologies,0001321655,4475446000.0,2391192000.0,1.8716380784144477
PANW,Palo Alto Networks,0001327567,9221500000.0,703000000.0,13.117354196301564
PSKY,Paramount Skydance Corporation,0002041610,12269000000.0,1000.0,12269000.0
PH,Parker Hannifin,0000076334,19850000000.0,126216529.0,157.26941754197662
PAYX,Paychex,0000723531,5410000000.0,358300000.0,15.099078984091543
PYPL,PayPal,0001633917,17772000000.0,920000000.0,19.317391304347826
PNR,Pentair,0000077360,4176000000.0,99204048.0,42.095056443664475
PEP,PepsiCo,0000077476,93925000000.0,1366649053.0,68.72649550652416
PFE,Pfizer,0000078003,50914000000.0,5686267431.0,8.953852525899604
PCG,PG&E Corporation,0001004980,16759000000.0,2197942874.0,7.624856950672505
PM,Philip Morris International,0001413329,40648000000.0,1801783490.0,22.559869277079457
PSX,Phillips 66,0001534701,132376000000.0,400744022.0,330.32557626024925
PNW,Pinnacle West Capital,0000764622,5339939000.0,120905390.0,44.16626090863277
PNC,PNC Financial Services,0000713676,19211000000.0,523000000.0,36.732313575525815
POOL,Pool Corporation,0000945841,5289396000.0,36577686.0,144.60717936066268
PPG,PPG Industries,0000079879,15875000000.0,223426948.0,71.05230654629896
PPL,PPL Corporation,0000922224,9170000000.0,751041000.0,12.209719575895324
PFG,Principal Financial Group,0001126328,15625500000.0,217380912.0,71.88073624422
PG,Procter & Gamble,0000080424,84284000000.0,2324000685.0,36.26677072171345
PGR,Progressive Corporation,0000080661,87671000000.0,585906353.0,149.63312746328936
PLD,Prologis,0001045609,8790127000.0,929153000.0,9.460365515690096
PRU,Prudential Financial,0001137774,60774000000.0,348000000.0,174.63793103448276
PEG,Public Service Enterprise Group,0000788784,12168000000.0,498000000.0,24.433734939759034
PTC,PTC Inc.,0000857005,2739226000.0,118892000.0,23.03961578575514
PSA,Public Storage,0001393311,4824113000.0,175723561.0,27.4528524948342
PHM,PulteGroup,0000822416,17311953000.0,192724978.0,89.82724076377895
PWR,Quanta Services,0001050915,28479697000.0,149577564.0,190.4008611879787
QCOM,Qualcomm,0000804328,44284000000.0,1074000000.0,41.232774674115454
DGX,Quest Diagnostics,0001022079,11035000000.0,109866320.0,100.44024410756636
Q,Qnity Electronics,0002058873,4754000000.0,209658907.0,22.674925039077877
RL,Ralph Lauren Corporation,0001037038,7079000000.0,62600000.0,113.08306709265176
RJF,Raymond James Financial,0000720005,15912000000.0,197032070.0,80.75842678808581
RTX,RTX Corporation,0000101829,88603000000.0,1381700.0,64126.076572338425
O,Realty Income,0000726728,1327838000.0,933975000.0,1.421706148451511
REG,Regency Centers,0000910606,1553524000.0,182902234.0,8.493739885101677
REGN,Regeneron Pharmaceuticals,0000872589,14342900000.0,94410423.0,151.92072595628557
RF,Regions Financial Corporation,0001281761,104000000.0,863506691.0,0.12043913623826222
RSG,Republic Services,0001060391,16591000000.0,354400000.0,46.81433408577878
RMD,ResMed,0000943819,5146327000.0,145661749.0,35.330668726214455
RVTY,Revvity,0000031791,2856051000.0,112281000.0,25.43663665268389
HOOD,Robinhood Markets,0001783879,4473000000.0,232609957.0,19.22961535133253
ROK,Rockwell Automation,0001024478,8342000000.0,112400000.0,74.2170818505338
ROL,"Rollins, Inc.",0000084839,3761050000.0,481193751.0,7.816082382998361
ROP,Roper Technologies,0000882835,7902500000.0,106600000.0,74.13227016885554
ROST,Ross Stores,0000745732,22750559000.0,322333000.0,70.5809178706493
RCL,Royal Caribbean Group,0000884887,17935000000.0,270528303.0,66.29620561365071
SPGI,S&P Global,0000064040,15336000000.0,298800000.0,51.325301204819276
CRM,Salesforce,0001108524,41525000000.0,929000000.0,44.698600645855755
SNDK,Sandisk,0002023554,7355000000.0,148000000.0,49.695945945945944
SBAC,SBA Communications,0001034054,244498000.0,105666000.0,2.3138757973236426
SLB,Schlumberger,0000087347,35708000000.0,1495331485.0,23.87965501843225
STX,Seagate Technology,0001137789,9097000000.0,218106177.0,41.70904338944972
SRE,Sempra,0001032208,12418000000.0,652731668.0,19.02466297988778
NOW,ServiceNow,0001373715,13278000000.0,1047278000.0,12.67858200019479
SHW,Sherwin-Williams,0000089800,23574300000.0,247700000.0,95.17278966491723
SPG,Simon Property Group,0001063761,6364505000.0,8000.0,795563.125
SWKS,Skyworks Solutions,0000004127,4086900000.0,149900000.0,27.26417611741161
SJM,J.M. Smucker Company (The),0000091419,8726100000.0,106700000.0,81.78163074039362
SW,Smurfit Westrock,0002005951,31179000000.0,522310486.0,59.69437879522105
SNA,Snap-on,0000091440,4709300000.0,51913121.0,90.71502366424858
SOLV,Solventum,0001964738,8325000000.0,173490864.0,47.985235695177586
SO,Southern Company,0000092122,29553000000.0,1119391291.0,26.400955803040993
LUV,Southwest Airlines,0000092380,28063000000.0,746000000.0,37.61796246648794
SWK,Stanley Black & Decker,0000093556,15130400000.0,155036411.0,97.59255843454736
SBUX,Starbucks,0000829224,37184400000.0,1136900000.0,32.706834374175386
STT,State Street Corporation,0000093751,13944000000.0,279077907.0,49.9645426966743
STLD,Steel Dynamics,0001022671,18176581000.0,144940102.0,125.4075355901157
STE,Steris,0001757898,5459515000.0,98100000.0,55.65254841997961
SYK,Stryker Corporation,0000310764,25116000000.0,374000000.0,67.15508021390374
SMCI,Supermicro,0001375365,21972042000.0,598926000.0,36.68573747007143
SYF,Synchrony Financial,0001601712,22601000000.0,347000000.0,65.13256484149856
SNPS,Synopsys,0000883241,7054178000.0,191449000.0,36.84625148211795
SYY,Sysco,0000096021,81370000000.0,478930649.0,169.89933755523757
TMUS,T-Mobile US,0001283699,88309000000.0,1106930661.0,79.77825812523952
TROW,T. Rowe Price,0001113169,7314800000.0,218565000.0,33.467389563745336
TTWO,Take-Two Interactive,0000946581,5633600000.0,185100000.0,30.435440302539167
TPR,"Tapestry, Inc.",0001116132,7010700000.0,202700000.0,34.58658115441539
TRGP,Targa Resources,0001389170,14137200000.0,214662156.0,65.85790557325811
TGT,Target Corporation,0000027419,104780000000.0,452840187.0,231.3840577934396
TEL,TE Connectivity,0001385157,17262000000.0,293434273.0,58.82748400013927
TDY,Teledyne Technologies,0001094285,6115400000.0,46185578.0,132.4092988508231
TER,Teradyne,0000097210,758968000.0,156088000.0,4.8624365742401725
TSLA,"Tesla, Inc.",0001318605,94827000000.0,3751000000.0,25.280458544388164
TXN,Texas Instruments,0000097476,17682000000.0,907550774.0,19.483207448622593
TPL,Texas Pacific Land Corporation,0001811074,798190000.0,68938230.0,11.578336142369771
TXT,Textron,0000217346,13630000000.0,174310000.0,78.19402214445527
TMO,Thermo Fisher Scientific,0000097745,44556000000.0,371484244.0,119.94048393611008
TJX,TJX Companies,0000109198,29078407000.0,1107087991.0,26.26566924796495
TKO,TKO Group Holdings,0001973266,4735151000.0,80818190.0,58.59016392225562
TTD,Trade Desk (The),0001671933,2896284000.0,488278000.0,5.931629112923376
TSCO,Tractor Supply,0000916365,15524046000.0,527017000.0,29.456442581548604
TT,Trane Technologies,0001466258,21321900000.0,249000000.0,85.6301204819277
TDG,TransDigm Group,0001260221,7940000000.0,52157225.0,152.23202538095154
TRV,Travelers Companies (The),0000086312,48828000000.0,217500000.0,224.49655172413793
TRMB,Trimble Inc.,0000864749,3587300000.0,236000000.0,15.20042372881356
TFC,Truist Financial,0000092230,24542000000.0,1262470000.0,19.439669853541073
TYL,Tyler Technologies,0000860731,2332340000.0,48147969.0,48.44108793041717
TSN,Tyson Foods,0000100493,54441000000.0,357000000.0,152.49579831932772
USB,U.S. Bancorp,0000036104,28656000000.0,1600000000.0,17.91
UBER,Uber,0001543151,52017000000.0,2067905000.0,25.154443748624814
UDR,"UDR, Inc.",0000074208,11361000.0,328273044.0,0.03460838532937843
ULTA,Ulta Beauty,0001403568,12392820000.0,44166000.0,280.5963863605488
UNP,Union Pacific Corporation,0000100885,24510000000.0,593245884.0,41.31507804949221
UAL,United Airlines Holdings,0000100517,59070000000.0,323470682.0,182.6131494662011
UPS,United Parcel Service,0001090727,88661000000.0,713924267.0,124.1882425044392
URI,United Rentals,0001067701,3695000000.0,63095970.0,58.56158483655929
UNH,UnitedHealth Group,0000731766,447567000000.0,906000000.0,494.00331125827813
UHS,Universal Health Services,0000352915,17364829000.0,63581000.0,273.1134930246457
VLO,Valero Energy,0001035002,122687000000.0,299026226.0,410.28842734349325
VTR,Ventas,0000740260,5833980000.0,469449000.0,12.427292421540997
VLTO,Veralto,0001967680,5503000000.0,248400000.0,22.15378421900161
VRSN,Verisign,0001014473,1656600000.0,91900000.0,18.026115342763873
VRSK,Verisk Analytics,0001442145,3072700000.0,138397709.0,22.20195711476698
VZ,Verizon,0000732712,138191000000.0,4217684168.0,32.76466290398632
VRTX,Vertex Pharmaceuticals,0000875320,12001300000.0,253991224.0,47.250845170933935
VRT,Vertiv,0001674101,10229900000.0,382553680.0,26.74108376110772
VTRS,Viatris,0001792044,14250400000.0,100.0,142504000.0
VICI,Vici Properties,0001705696,4006116000.0,1068811371.0,3.7481973982479273
V,Visa Inc.,0001403161,40000000000.0,469280842.0,85.23680581019755
VST,Vistra Corp.,0001692819,17586000000.0,338059635.0,52.02040758282189
VMC,Vulcan Materials Company,0001396009,7941100000.0,130600000.0,60.80474732006125
WRB,W. R. Berkley Corporation,0000011544,14707856000.0,377155799.0,38.99676483563759
GWW,W. W. Grainger,0000277135,17942000000.0,47373024.0,378.7387522485371
WAB,Wabtec,0000943452,11167000000.0,170600000.0,65.45720984759672
WMT,Walmart,0000104169,706413000000.0,3418000000.0,206.67437097717965
DIS,Walt Disney Company (The),0001744489,94425000000.0,1900000000.0,49.69736842105263
WBD,Warner Bros. Discovery,0001437107,37296000000.0,2480000000.0,15.038709677419355
WM,Waste Management,0000823768,25204000000.0,402900000.0,62.55646562422437
WAT,Waters Corporation,0001000697,3165286000.0,59549000.0,53.15430989605199
WEC,WEC Energy Group,0000783325,9800100000.0,325461519.0,30.111393906448278
WFC,Wells Fargo,0000072971,85063000000.0,3092600000.0,27.505335316562117
WELL,Welltower,0000766704,8452996000.0,696507255.0,12.136264108261155
WST,West Pharmaceutical Services,0000105770,3074100000.0,72000000.0,42.69583333333333
WDC,Western Digital,0000106040,9520000000.0,340000000.0,28.0
WY,Weyerhaeuser,0000106535,6905000000.0,720531000.0,9.583210160284567
WSM,"Williams-Sonoma, Inc.",0000719955,7806816000.0,118770000.0,65.73053801465016
WMB,Williams Companies,0000107263,14899000000.0,1221563111.0,12.196668240745524
WTW,Willis Towers Watson,0001140536,9516000000.0,94545903.0,100.6495225922164
WDAY,"Workday, Inc.",0001327811,9552000000.0,36000000.0,265.3333333333333
WYNN,Wynn Resorts,0001174922,6717660000.0,103989787.0,64.5992283838412
XEL,Xcel Energy,0000072903,11537000000.0,623600715.0,18.500620224593554
XYL,Xylem Inc.,0001524472,9035000000.0,243584000.0,37.09192722017867
YUM,Yum! Brands,0001041061,8214000000.0,276430130.0,29.71456114425732
ZBRA,Zebra Technologies,0000877212,5396000000.0,51654337.0,104.46363874537776
ZBH,Zimmer Biomet,0001136869,8231500000.0,195652004.0,42.072147648434004
ZTS,Zoetis,0001555280,9467000000.0,424927535.0,22.27909283402875
